{"cameraMode":{"drawMode":0,"name":"Shaded","section":"Shading Mode"},"sceneLighting":false,"audioPlay":false,"sceneViewState":{"m_AlwaysRefresh":false,"showFog":true,"showSkybox":false,"showFlares":true,"showImageEffects":true,"showParticleSystems":true,"showVisualEffectGraphs":true,"m_FxEnabled":true},"in2DMode":false,"pivot":{"x":-0.021358489990234376,"y":-0.37411177158355715,"z":-0.02272510528564453},"rotation":{"x":0.009707842953503132,"y":-0.3810039758682251,"z":0.003999862354248762,"w":0.9245291948318481},"size":5.196152210235596,"orthographic":false}