{"cameraMode":{"drawMode":0,"name":"Shaded","section":"Shading Mode"},"sceneLighting":false,"audioPlay":false,"sceneViewState":{"m_AlwaysRefresh":false,"showFog":true,"showSkybox":false,"showFlares":true,"showImageEffects":true,"showParticleSystems":true,"showVisualEffectGraphs":true,"m_FxEnabled":true},"in2DMode":false,"pivot":{"x":1.1313965320587159,"y":5.874456882476807,"z":0.4871700406074524},"rotation":{"x":-0.038631949573755267,"y":-0.7880581021308899,"z":0.04971199482679367,"w":-0.6123742461204529},"size":7.941201210021973,"orthographic":false}