{"cameraMode":{"drawMode":0,"name":"Shaded","section":"Shading Mode"},"sceneLighting":false,"audioPlay":false,"sceneViewState":{"m_AlwaysRefresh":false,"showFog":true,"showSkybox":false,"showFlares":true,"showImageEffects":true,"showParticleSystems":true,"showVisualEffectGraphs":true,"m_FxEnabled":true},"in2DMode":false,"pivot":{"x":0.5854336619377136,"y":2.4594316482543947,"z":0.09660273790359497},"rotation":{"x":-0.038631949573755267,"y":-0.7880581021308899,"z":0.04971199482679367,"w":-0.6123742461204529},"size":2.458845853805542,"orthographic":false}