{"cameraMode":{"drawMode":0,"name":"Shaded","section":"Shading Mode"},"sceneLighting":false,"audioPlay":false,"sceneViewState":{"m_AlwaysRefresh":false,"showFog":true,"showSkybox":false,"showFlares":true,"showImageEffects":true,"showParticleSystems":true,"showVisualEffectGraphs":true,"m_FxEnabled":true},"in2DMode":false,"pivot":{"x":0.4171447455883026,"y":1.1613184213638306,"z":2.303168296813965},"rotation":{"x":-0.009816350415349007,"y":-0.9813644886016846,"z":0.18466810882091523,"w":-0.05216085538268089},"size":2.2259254455566408,"orthographic":false}