{"cameraMode":{"drawMode":0,"name":"Shaded","section":"Shading Mode"},"sceneLighting":false,"audioPlay":false,"sceneViewState":{"m_AlwaysRefresh":false,"showFog":true,"showSkybox":false,"showFlares":true,"showImageEffects":true,"showParticleSystems":true,"showVisualEffectGraphs":true,"m_FxEnabled":true},"in2DMode":false,"pivot":{"x":13.133302688598633,"y":-20.520442962646486,"z":-15.996780395507813},"rotation":{"x":-0.4709708094596863,"y":0.03491384536027908,"z":-0.018658805638551713,"w":-0.8812596797943115},"size":54.15302276611328,"orthographic":false}