{"cameraMode":{"drawMode":0,"name":"Shaded","section":"Shading Mode"},"sceneLighting":false,"audioPlay":false,"sceneViewState":{"m_AlwaysRefresh":false,"showFog":true,"showSkybox":false,"showFlares":true,"showImageEffects":true,"showParticleSystems":true,"showVisualEffectGraphs":true,"m_FxEnabled":true},"in2DMode":false,"pivot":{"x":9.579999923706055,"y":4.340000152587891,"z":-11.170000076293946},"rotation":{"x":0.5231128334999085,"y":0.001278393086977303,"z":-0.0007846863009035587,"w":0.8522615432739258},"size":2.291287899017334,"orthographic":true}