{"cameraMode":{"drawMode":0,"name":"Shaded","section":"Shading Mode"},"sceneLighting":false,"audioPlay":false,"sceneViewState":{"m_AlwaysRefresh":false,"showFog":true,"showSkybox":false,"showFlares":true,"showImageEffects":true,"showParticleSystems":true,"showVisualEffectGraphs":true,"m_FxEnabled":true},"in2DMode":false,"pivot":{"x":-0.7661726474761963,"y":1.6903129816055298,"z":0.3283596932888031},"rotation":{"x":-0.0018362776609137655,"y":-0.9913952350616455,"z":0.130116268992424,"w":-0.013980967923998833},"size":2.598076105117798,"orthographic":false}