{"cameraMode":{"drawMode":0,"name":"Shaded","section":"Shading Mode"},"sceneLighting":false,"audioPlay":false,"sceneViewState":{"showFog":true,"showMaterialUpdate":false,"showSkybox":false,"showFlares":true,"showImageEffects":true,"showParticleSystems":true},"in2DMode":false,"pivot":{"x":5.596383094787598,"y":2.832253932952881,"z":0.2859232425689697},"rotation":{"x":0.012513194233179093,"y":-0.8028743863105774,"z":0.01686284691095352,"w":0.5957784652709961},"size":2.1173746585845949,"orthographic":false}