{"cameraMode":{"drawMode":0,"name":"Shaded","section":"Shading Mode"},"sceneLighting":false,"audioPlay":false,"sceneViewState":{"m_AlwaysRefresh":false,"showFog":true,"showSkybox":false,"showFlares":true,"showImageEffects":true,"showParticleSystems":true,"showVisualEffectGraphs":true,"m_FxEnabled":true},"in2DMode":false,"pivot":{"x":-8.778731346130371,"y":5.813131332397461,"z":6.871265411376953},"rotation":{"x":0.0001772070536389947,"y":-0.9994369149208069,"z":0.032993339002132419,"w":0.005395588930696249},"size":19.305423736572267,"orthographic":false}