{"cameraMode":{"drawMode":0,"name":"Shaded","section":"Shading Mode"},"sceneLighting":false,"audioPlay":false,"sceneViewState":{"m_AlwaysRefresh":false,"showFog":true,"showSkybox":false,"showFlares":true,"showImageEffects":true,"showParticleSystems":true,"showVisualEffectGraphs":true,"m_FxEnabled":true},"in2DMode":false,"pivot":{"x":-0.3571639358997345,"y":1.04270601272583,"z":0.6900801658630371},"rotation":{"x":0.24019750952720643,"y":-0.12048507481813431,"z":0.030060116201639177,"w":0.9627465605735779},"size":3.7014670372009279,"orthographic":true}