{"cameraMode":{"drawMode":0,"name":"Shaded","section":"Shading Mode"},"sceneLighting":false,"audioPlay":false,"sceneViewState":{"m_AlwaysRefresh":false,"showFog":true,"showSkybox":false,"showFlares":true,"showImageEffects":true,"showParticleSystems":true,"showVisualEffectGraphs":true,"m_FxEnabled":true},"in2DMode":false,"pivot":{"x":-0.11318397521972656,"y":-2.1300580501556398,"z":-0.1984100341796875},"rotation":{"x":0.03323616087436676,"y":-0.383548378944397,"z":0.013813327997922898,"w":0.9228347539901733},"size":12.25019359588623,"orthographic":false}